Date_ID,Date,Year,Quarter,Month_Number,Month_Name,Year_Month,Fiscal_Year,Fiscal_Quarter
1,2023-01-01,2023,Q1,1,January,2023-01,FY2022-23,Q4
2,2023-01-02,2023,Q1,1,January,2023-01,FY2022-23,Q4
3,2023-01-03,2023,Q1,1,January,2023-01,FY2022-23,Q4
4,2023-01-04,2023,Q1,1,January,2023-01,FY2022-23,Q4
5,2023-01-05,2023,Q1,1,January,2023-01,FY2022-23,Q4
6,2023-01-06,2023,Q1,1,January,2023-01,FY2022-23,Q4
7,2023-01-07,2023,Q1,1,January,2023-01,FY2022-23,Q4
8,2023-01-08,2023,Q1,1,January,2023-01,FY2022-23,Q4
9,2023-01-09,2023,Q1,1,January,2023-01,FY2022-23,Q4
10,2023-01-10,2023,Q1,1,January,2023-01,FY2022-23,Q4
11,2023-01-11,2023,Q1,1,January,2023-01,FY2022-23,Q4
12,2023-01-12,2023,Q1,1,January,2023-01,FY2022-23,Q4
13,2023-01-13,2023,Q1,1,January,2023-01,FY2022-23,Q4
14,2023-01-14,2023,Q1,1,January,2023-01,FY2022-23,Q4
15,2023-01-15,2023,Q1,1,January,2023-01,FY2022-23,Q4
16,2023-01-16,2023,Q1,1,January,2023-01,FY2022-23,Q4
17,2023-01-17,2023,Q1,1,January,2023-01,FY2022-23,Q4
18,2023-01-18,2023,Q1,1,January,2023-01,FY2022-23,Q4
19,2023-01-19,2023,Q1,1,January,2023-01,FY2022-23,Q4
20,2023-01-20,2023,Q1,1,January,2023-01,FY2022-23,Q4
21,2023-01-21,2023,Q1,1,January,2023-01,FY2022-23,Q4
22,2023-01-22,2023,Q1,1,January,2023-01,FY2022-23,Q4
23,2023-01-23,2023,Q1,1,January,2023-01,FY2022-23,Q4
24,2023-01-24,2023,Q1,1,January,2023-01,FY2022-23,Q4
25,2023-01-25,2023,Q1,1,January,2023-01,FY2022-23,Q4
26,2023-01-26,2023,Q1,1,January,2023-01,FY2022-23,Q4
27,2023-01-27,2023,Q1,1,January,2023-01,FY2022-23,Q4
28,2023-01-28,2023,Q1,1,January,2023-01,FY2022-23,Q4
29,2023-01-29,2023,Q1,1,January,2023-01,FY2022-23,Q4
30,2023-01-30,2023,Q1,1,January,2023-01,FY2022-23,Q4
31,2023-01-31,2023,Q1,1,January,2023-01,FY2022-23,Q4
32,2023-02-01,2023,Q1,2,February,2023-02,FY2022-23,Q4
33,2023-02-02,2023,Q1,2,February,2023-02,FY2022-23,Q4
34,2023-02-03,2023,Q1,2,February,2023-02,FY2022-23,Q4
35,2023-02-04,2023,Q1,2,February,2023-02,FY2022-23,Q4
36,2023-02-05,2023,Q1,2,February,2023-02,FY2022-23,Q4
37,2023-02-06,2023,Q1,2,February,2023-02,FY2022-23,Q4
38,2023-02-07,2023,Q1,2,February,2023-02,FY2022-23,Q4
39,2023-02-08,2023,Q1,2,February,2023-02,FY2022-23,Q4
40,2023-02-09,2023,Q1,2,February,2023-02,FY2022-23,Q4
41,2023-02-10,2023,Q1,2,February,2023-02,FY2022-23,Q4
42,2023-02-11,2023,Q1,2,February,2023-02,FY2022-23,Q4
43,2023-02-12,2023,Q1,2,February,2023-02,FY2022-23,Q4
44,2023-02-13,2023,Q1,2,February,2023-02,FY2022-23,Q4
45,2023-02-14,2023,Q1,2,February,2023-02,FY2022-23,Q4
46,2023-02-15,2023,Q1,2,February,2023-02,FY2022-23,Q4
47,2023-02-16,2023,Q1,2,February,2023-02,FY2022-23,Q4
48,2023-02-17,2023,Q1,2,February,2023-02,FY2022-23,Q4
49,2023-02-18,2023,Q1,2,February,2023-02,FY2022-23,Q4
50,2023-02-19,2023,Q1,2,February,2023-02,FY2022-23,Q4
51,2023-02-20,2023,Q1,2,February,2023-02,FY2022-23,Q4
52,2023-02-21,2023,Q1,2,February,2023-02,FY2022-23,Q4
53,2023-02-22,2023,Q1,2,February,2023-02,FY2022-23,Q4
54,2023-02-23,2023,Q1,2,February,2023-02,FY2022-23,Q4
55,2023-02-24,2023,Q1,2,February,2023-02,FY2022-23,Q4
56,2023-02-25,2023,Q1,2,February,2023-02,FY2022-23,Q4
57,2023-02-26,2023,Q1,2,February,2023-02,FY2022-23,Q4
58,2023-02-27,2023,Q1,2,February,2023-02,FY2022-23,Q4
59,2023-02-28,2023,Q1,2,February,2023-02,FY2022-23,Q4
60,2023-03-01,2023,Q1,3,March,2023-03,FY2022-23,Q4
61,2023-03-02,2023,Q1,3,March,2023-03,FY2022-23,Q4
62,2023-03-03,2023,Q1,3,March,2023-03,FY2022-23,Q4
63,2023-03-04,2023,Q1,3,March,2023-03,FY2022-23,Q4
64,2023-03-05,2023,Q1,3,March,2023-03,FY2022-23,Q4
65,2023-03-06,2023,Q1,3,March,2023-03,FY2022-23,Q4
66,2023-03-07,2023,Q1,3,March,2023-03,FY2022-23,Q4
67,2023-03-08,2023,Q1,3,March,2023-03,FY2022-23,Q4
68,2023-03-09,2023,Q1,3,March,2023-03,FY2022-23,Q4
69,2023-03-10,2023,Q1,3,March,2023-03,FY2022-23,Q4
70,2023-03-11,2023,Q1,3,March,2023-03,FY2022-23,Q4
71,2023-03-12,2023,Q1,3,March,2023-03,FY2022-23,Q4
72,2023-03-13,2023,Q1,3,March,2023-03,FY2022-23,Q4
73,2023-03-14,2023,Q1,3,March,2023-03,FY2022-23,Q4
74,2023-03-15,2023,Q1,3,March,2023-03,FY2022-23,Q4
75,2023-03-16,2023,Q1,3,March,2023-03,FY2022-23,Q4
76,2023-03-17,2023,Q1,3,March,2023-03,FY2022-23,Q4
77,2023-03-18,2023,Q1,3,March,2023-03,FY2022-23,Q4
78,2023-03-19,2023,Q1,3,March,2023-03,FY2022-23,Q4
79,2023-03-20,2023,Q1,3,March,2023-03,FY2022-23,Q4
80,2023-03-21,2023,Q1,3,March,2023-03,FY2022-23,Q4
81,2023-03-22,2023,Q1,3,March,2023-03,FY2022-23,Q4
82,2023-03-23,2023,Q1,3,March,2023-03,FY2022-23,Q4
83,2023-03-24,2023,Q1,3,March,2023-03,FY2022-23,Q4
84,2023-03-25,2023,Q1,3,March,2023-03,FY2022-23,Q4
85,2023-03-26,2023,Q1,3,March,2023-03,FY2022-23,Q4
86,2023-03-27,2023,Q1,3,March,2023-03,FY2022-23,Q4
87,2023-03-28,2023,Q1,3,March,2023-03,FY2022-23,Q4
88,2023-03-29,2023,Q1,3,March,2023-03,FY2022-23,Q4
89,2023-03-30,2023,Q1,3,March,2023-03,FY2022-23,Q4
90,2023-03-31,2023,Q1,3,March,2023-03,FY2022-23,Q4
91,2023-04-01,2023,Q2,4,April,2023-04,FY2023-24,Q1
92,2023-04-02,2023,Q2,4,April,2023-04,FY2023-24,Q1
93,2023-04-03,2023,Q2,4,April,2023-04,FY2023-24,Q1
94,2023-04-04,2023,Q2,4,April,2023-04,FY2023-24,Q1
95,2023-04-05,2023,Q2,4,April,2023-04,FY2023-24,Q1
96,2023-04-06,2023,Q2,4,April,2023-04,FY2023-24,Q1
97,2023-04-07,2023,Q2,4,April,2023-04,FY2023-24,Q1
98,2023-04-08,2023,Q2,4,April,2023-04,FY2023-24,Q1
99,2023-04-09,2023,Q2,4,April,2023-04,FY2023-24,Q1
100,2023-04-10,2023,Q2,4,April,2023-04,FY2023-24,Q1
101,2023-04-11,2023,Q2,4,April,2023-04,FY2023-24,Q1
102,2023-04-12,2023,Q2,4,April,2023-04,FY2023-24,Q1
103,2023-04-13,2023,Q2,4,April,2023-04,FY2023-24,Q1
104,2023-04-14,2023,Q2,4,April,2023-04,FY2023-24,Q1
105,2023-04-15,2023,Q2,4,April,2023-04,FY2023-24,Q1
106,2023-04-16,2023,Q2,4,April,2023-04,FY2023-24,Q1
107,2023-04-17,2023,Q2,4,April,2023-04,FY2023-24,Q1
108,2023-04-18,2023,Q2,4,April,2023-04,FY2023-24,Q1
109,2023-04-19,2023,Q2,4,April,2023-04,FY2023-24,Q1
110,2023-04-20,2023,Q2,4,April,2023-04,FY2023-24,Q1
111,2023-04-21,2023,Q2,4,April,2023-04,FY2023-24,Q1
112,2023-04-22,2023,Q2,4,April,2023-04,FY2023-24,Q1
113,2023-04-23,2023,Q2,4,April,2023-04,FY2023-24,Q1
114,2023-04-24,2023,Q2,4,April,2023-04,FY2023-24,Q1
115,2023-04-25,2023,Q2,4,April,2023-04,FY2023-24,Q1
116,2023-04-26,2023,Q2,4,April,2023-04,FY2023-24,Q1
117,2023-04-27,2023,Q2,4,April,2023-04,FY2023-24,Q1
118,2023-04-28,2023,Q2,4,April,2023-04,FY2023-24,Q1
119,2023-04-29,2023,Q2,4,April,2023-04,FY2023-24,Q1
120,2023-04-30,2023,Q2,4,April,2023-04,FY2023-24,Q1
121,2023-05-01,2023,Q2,5,May,2023-05,FY2023-24,Q1
122,2023-05-02,2023,Q2,5,May,2023-05,FY2023-24,Q1
123,2023-05-03,2023,Q2,5,May,2023-05,FY2023-24,Q1
124,2023-05-04,2023,Q2,5,May,2023-05,FY2023-24,Q1
125,2023-05-05,2023,Q2,5,May,2023-05,FY2023-24,Q1
126,2023-05-06,2023,Q2,5,May,2023-05,FY2023-24,Q1
127,2023-05-07,2023,Q2,5,May,2023-05,FY2023-24,Q1
128,2023-05-08,2023,Q2,5,May,2023-05,FY2023-24,Q1
129,2023-05-09,2023,Q2,5,May,2023-05,FY2023-24,Q1
130,2023-05-10,2023,Q2,5,May,2023-05,FY2023-24,Q1
131,2023-05-11,2023,Q2,5,May,2023-05,FY2023-24,Q1
132,2023-05-12,2023,Q2,5,May,2023-05,FY2023-24,Q1
133,2023-05-13,2023,Q2,5,May,2023-05,FY2023-24,Q1
134,2023-05-14,2023,Q2,5,May,2023-05,FY2023-24,Q1
135,2023-05-15,2023,Q2,5,May,2023-05,FY2023-24,Q1
136,2023-05-16,2023,Q2,5,May,2023-05,FY2023-24,Q1
137,2023-05-17,2023,Q2,5,May,2023-05,FY2023-24,Q1
138,2023-05-18,2023,Q2,5,May,2023-05,FY2023-24,Q1
139,2023-05-19,2023,Q2,5,May,2023-05,FY2023-24,Q1
140,2023-05-20,2023,Q2,5,May,2023-05,FY2023-24,Q1
141,2023-05-21,2023,Q2,5,May,2023-05,FY2023-24,Q1
142,2023-05-22,2023,Q2,5,May,2023-05,FY2023-24,Q1
143,2023-05-23,2023,Q2,5,May,2023-05,FY2023-24,Q1
144,2023-05-24,2023,Q2,5,May,2023-05,FY2023-24,Q1
145,2023-05-25,2023,Q2,5,May,2023-05,FY2023-24,Q1
146,2023-05-26,2023,Q2,5,May,2023-05,FY2023-24,Q1
147,2023-05-27,2023,Q2,5,May,2023-05,FY2023-24,Q1
148,2023-05-28,2023,Q2,5,May,2023-05,FY2023-24,Q1
149,2023-05-29,2023,Q2,5,May,2023-05,FY2023-24,Q1
150,2023-05-30,2023,Q2,5,May,2023-05,FY2023-24,Q1
151,2023-05-31,2023,Q2,5,May,2023-05,FY2023-24,Q1
152,2023-06-01,2023,Q2,6,June,2023-06,FY2023-24,Q1
153,2023-06-02,2023,Q2,6,June,2023-06,FY2023-24,Q1
154,2023-06-03,2023,Q2,6,June,2023-06,FY2023-24,Q1
155,2023-06-04,2023,Q2,6,June,2023-06,FY2023-24,Q1
156,2023-06-05,2023,Q2,6,June,2023-06,FY2023-24,Q1
157,2023-06-06,2023,Q2,6,June,2023-06,FY2023-24,Q1
158,2023-06-07,2023,Q2,6,June,2023-06,FY2023-24,Q1
159,2023-06-08,2023,Q2,6,June,2023-06,FY2023-24,Q1
160,2023-06-09,2023,Q2,6,June,2023-06,FY2023-24,Q1
161,2023-06-10,2023,Q2,6,June,2023-06,FY2023-24,Q1
162,2023-06-11,2023,Q2,6,June,2023-06,FY2023-24,Q1
163,2023-06-12,2023,Q2,6,June,2023-06,FY2023-24,Q1
164,2023-06-13,2023,Q2,6,June,2023-06,FY2023-24,Q1
165,2023-06-14,2023,Q2,6,June,2023-06,FY2023-24,Q1
166,2023-06-15,2023,Q2,6,June,2023-06,FY2023-24,Q1
167,2023-06-16,2023,Q2,6,June,2023-06,FY2023-24,Q1
168,2023-06-17,2023,Q2,6,June,2023-06,FY2023-24,Q1
169,2023-06-18,2023,Q2,6,June,2023-06,FY2023-24,Q1
170,2023-06-19,2023,Q2,6,June,2023-06,FY2023-24,Q1
171,2023-06-20,2023,Q2,6,June,2023-06,FY2023-24,Q1
172,2023-06-21,2023,Q2,6,June,2023-06,FY2023-24,Q1
173,2023-06-22,2023,Q2,6,June,2023-06,FY2023-24,Q1
174,2023-06-23,2023,Q2,6,June,2023-06,FY2023-24,Q1
175,2023-06-24,2023,Q2,6,June,2023-06,FY2023-24,Q1
176,2023-06-25,2023,Q2,6,June,2023-06,FY2023-24,Q1
177,2023-06-26,2023,Q2,6,June,2023-06,FY2023-24,Q1
178,2023-06-27,2023,Q2,6,June,2023-06,FY2023-24,Q1
179,2023-06-28,2023,Q2,6,June,2023-06,FY2023-24,Q1
180,2023-06-29,2023,Q2,6,June,2023-06,FY2023-24,Q1
181,2023-06-30,2023,Q2,6,June,2023-06,FY2023-24,Q1
182,2023-07-01,2023,Q3,7,July,2023-07,FY2023-24,Q2
183,2023-07-02,2023,Q3,7,July,2023-07,FY2023-24,Q2
184,2023-07-03,2023,Q3,7,July,2023-07,FY2023-24,Q2
185,2023-07-04,2023,Q3,7,July,2023-07,FY2023-24,Q2
186,2023-07-05,2023,Q3,7,July,2023-07,FY2023-24,Q2
187,2023-07-06,2023,Q3,7,July,2023-07,FY2023-24,Q2
188,2023-07-07,2023,Q3,7,July,2023-07,FY2023-24,Q2
189,2023-07-08,2023,Q3,7,July,2023-07,FY2023-24,Q2
190,2023-07-09,2023,Q3,7,July,2023-07,FY2023-24,Q2
191,2023-07-10,2023,Q3,7,July,2023-07,FY2023-24,Q2
192,2023-07-11,2023,Q3,7,July,2023-07,FY2023-24,Q2
193,2023-07-12,2023,Q3,7,July,2023-07,FY2023-24,Q2
194,2023-07-13,2023,Q3,7,July,2023-07,FY2023-24,Q2
195,2023-07-14,2023,Q3,7,July,2023-07,FY2023-24,Q2
196,2023-07-15,2023,Q3,7,July,2023-07,FY2023-24,Q2
197,2023-07-16,2023,Q3,7,July,2023-07,FY2023-24,Q2
198,2023-07-17,2023,Q3,7,July,2023-07,FY2023-24,Q2
199,2023-07-18,2023,Q3,7,July,2023-07,FY2023-24,Q2
200,2023-07-19,2023,Q3,7,July,2023-07,FY2023-24,Q2
201,2023-07-20,2023,Q3,7,July,2023-07,FY2023-24,Q2
202,2023-07-21,2023,Q3,7,July,2023-07,FY2023-24,Q2
203,2023-07-22,2023,Q3,7,July,2023-07,FY2023-24,Q2
204,2023-07-23,2023,Q3,7,July,2023-07,FY2023-24,Q2
205,2023-07-24,2023,Q3,7,July,2023-07,FY2023-24,Q2
206,2023-07-25,2023,Q3,7,July,2023-07,FY2023-24,Q2
207,2023-07-26,2023,Q3,7,July,2023-07,FY2023-24,Q2
208,2023-07-27,2023,Q3,7,July,2023-07,FY2023-24,Q2
209,2023-07-28,2023,Q3,7,July,2023-07,FY2023-24,Q2
210,2023-07-29,2023,Q3,7,July,2023-07,FY2023-24,Q2
211,2023-07-30,2023,Q3,7,July,2023-07,FY2023-24,Q2
212,2023-07-31,2023,Q3,7,July,2023-07,FY2023-24,Q2
213,2023-08-01,2023,Q3,8,August,2023-08,FY2023-24,Q2
214,2023-08-02,2023,Q3,8,August,2023-08,FY2023-24,Q2
215,2023-08-03,2023,Q3,8,August,2023-08,FY2023-24,Q2
216,2023-08-04,2023,Q3,8,August,2023-08,FY2023-24,Q2
217,2023-08-05,2023,Q3,8,August,2023-08,FY2023-24,Q2
218,2023-08-06,2023,Q3,8,August,2023-08,FY2023-24,Q2
219,2023-08-07,2023,Q3,8,August,2023-08,FY2023-24,Q2
220,2023-08-08,2023,Q3,8,August,2023-08,FY2023-24,Q2
221,2023-08-09,2023,Q3,8,August,2023-08,FY2023-24,Q2
222,2023-08-10,2023,Q3,8,August,2023-08,FY2023-24,Q2
223,2023-08-11,2023,Q3,8,August,2023-08,FY2023-24,Q2
224,2023-08-12,2023,Q3,8,August,2023-08,FY2023-24,Q2
225,2023-08-13,2023,Q3,8,August,2023-08,FY2023-24,Q2
226,2023-08-14,2023,Q3,8,August,2023-08,FY2023-24,Q2
227,2023-08-15,2023,Q3,8,August,2023-08,FY2023-24,Q2
228,2023-08-16,2023,Q3,8,August,2023-08,FY2023-24,Q2
229,2023-08-17,2023,Q3,8,August,2023-08,FY2023-24,Q2
230,2023-08-18,2023,Q3,8,August,2023-08,FY2023-24,Q2
231,2023-08-19,2023,Q3,8,August,2023-08,FY2023-24,Q2
232,2023-08-20,2023,Q3,8,August,2023-08,FY2023-24,Q2
233,2023-08-21,2023,Q3,8,August,2023-08,FY2023-24,Q2
234,2023-08-22,2023,Q3,8,August,2023-08,FY2023-24,Q2
235,2023-08-23,2023,Q3,8,August,2023-08,FY2023-24,Q2
236,2023-08-24,2023,Q3,8,August,2023-08,FY2023-24,Q2
237,2023-08-25,2023,Q3,8,August,2023-08,FY2023-24,Q2
238,2023-08-26,2023,Q3,8,August,2023-08,FY2023-24,Q2
239,2023-08-27,2023,Q3,8,August,2023-08,FY2023-24,Q2
240,2023-08-28,2023,Q3,8,August,2023-08,FY2023-24,Q2
241,2023-08-29,2023,Q3,8,August,2023-08,FY2023-24,Q2
242,2023-08-30,2023,Q3,8,August,2023-08,FY2023-24,Q2
243,2023-08-31,2023,Q3,8,August,2023-08,FY2023-24,Q2
244,2023-09-01,2023,Q3,9,September,2023-09,FY2023-24,Q2
245,2023-09-02,2023,Q3,9,September,2023-09,FY2023-24,Q2
246,2023-09-03,2023,Q3,9,September,2023-09,FY2023-24,Q2
247,2023-09-04,2023,Q3,9,September,2023-09,FY2023-24,Q2
248,2023-09-05,2023,Q3,9,September,2023-09,FY2023-24,Q2
249,2023-09-06,2023,Q3,9,September,2023-09,FY2023-24,Q2
250,2023-09-07,2023,Q3,9,September,2023-09,FY2023-24,Q2
251,2023-09-08,2023,Q3,9,September,2023-09,FY2023-24,Q2
252,2023-09-09,2023,Q3,9,September,2023-09,FY2023-24,Q2
253,2023-09-10,2023,Q3,9,September,2023-09,FY2023-24,Q2
254,2023-09-11,2023,Q3,9,September,2023-09,FY2023-24,Q2
255,2023-09-12,2023,Q3,9,September,2023-09,FY2023-24,Q2
256,2023-09-13,2023,Q3,9,September,2023-09,FY2023-24,Q2
257,2023-09-14,2023,Q3,9,September,2023-09,FY2023-24,Q2
258,2023-09-15,2023,Q3,9,September,2023-09,FY2023-24,Q2
259,2023-09-16,2023,Q3,9,September,2023-09,FY2023-24,Q2
260,2023-09-17,2023,Q3,9,September,2023-09,FY2023-24,Q2
261,2023-09-18,2023,Q3,9,September,2023-09,FY2023-24,Q2
262,2023-09-19,2023,Q3,9,September,2023-09,FY2023-24,Q2
263,2023-09-20,2023,Q3,9,September,2023-09,FY2023-24,Q2
264,2023-09-21,2023,Q3,9,September,2023-09,FY2023-24,Q2
265,2023-09-22,2023,Q3,9,September,2023-09,FY2023-24,Q2
266,2023-09-23,2023,Q3,9,September,2023-09,FY2023-24,Q2
267,2023-09-24,2023,Q3,9,September,2023-09,FY2023-24,Q2
268,2023-09-25,2023,Q3,9,September,2023-09,FY2023-24,Q2
269,2023-09-26,2023,Q3,9,September,2023-09,FY2023-24,Q2
270,2023-09-27,2023,Q3,9,September,2023-09,FY2023-24,Q2
271,2023-09-28,2023,Q3,9,September,2023-09,FY2023-24,Q2
272,2023-09-29,2023,Q3,9,September,2023-09,FY2023-24,Q2
273,2023-09-30,2023,Q3,9,September,2023-09,FY2023-24,Q2
274,2023-10-01,2023,Q4,10,October,2023-10,FY2023-24,Q3
275,2023-10-02,2023,Q4,10,October,2023-10,FY2023-24,Q3
276,2023-10-03,2023,Q4,10,October,2023-10,FY2023-24,Q3
277,2023-10-04,2023,Q4,10,October,2023-10,FY2023-24,Q3
278,2023-10-05,2023,Q4,10,October,2023-10,FY2023-24,Q3
279,2023-10-06,2023,Q4,10,October,2023-10,FY2023-24,Q3
280,2023-10-07,2023,Q4,10,October,2023-10,FY2023-24,Q3
281,2023-10-08,2023,Q4,10,October,2023-10,FY2023-24,Q3
282,2023-10-09,2023,Q4,10,October,2023-10,FY2023-24,Q3
283,2023-10-10,2023,Q4,10,October,2023-10,FY2023-24,Q3
284,2023-10-11,2023,Q4,10,October,2023-10,FY2023-24,Q3
285,2023-10-12,2023,Q4,10,October,2023-10,FY2023-24,Q3
286,2023-10-13,2023,Q4,10,October,2023-10,FY2023-24,Q3
287,2023-10-14,2023,Q4,10,October,2023-10,FY2023-24,Q3
288,2023-10-15,2023,Q4,10,October,2023-10,FY2023-24,Q3
289,2023-10-16,2023,Q4,10,October,2023-10,FY2023-24,Q3
290,2023-10-17,2023,Q4,10,October,2023-10,FY2023-24,Q3
291,2023-10-18,2023,Q4,10,October,2023-10,FY2023-24,Q3
292,2023-10-19,2023,Q4,10,October,2023-10,FY2023-24,Q3
293,2023-10-20,2023,Q4,10,October,2023-10,FY2023-24,Q3
294,2023-10-21,2023,Q4,10,October,2023-10,FY2023-24,Q3
295,2023-10-22,2023,Q4,10,October,2023-10,FY2023-24,Q3
296,2023-10-23,2023,Q4,10,October,2023-10,FY2023-24,Q3
297,2023-10-24,2023,Q4,10,October,2023-10,FY2023-24,Q3
298,2023-10-25,2023,Q4,10,October,2023-10,FY2023-24,Q3
299,2023-10-26,2023,Q4,10,October,2023-10,FY2023-24,Q3
300,2023-10-27,2023,Q4,10,October,2023-10,FY2023-24,Q3
301,2023-10-28,2023,Q4,10,October,2023-10,FY2023-24,Q3
302,2023-10-29,2023,Q4,10,October,2023-10,FY2023-24,Q3
303,2023-10-30,2023,Q4,10,October,2023-10,FY2023-24,Q3
304,2023-10-31,2023,Q4,10,October,2023-10,FY2023-24,Q3
305,2023-11-01,2023,Q4,11,November,2023-11,FY2023-24,Q3
306,2023-11-02,2023,Q4,11,November,2023-11,FY2023-24,Q3
307,2023-11-03,2023,Q4,11,November,2023-11,FY2023-24,Q3
308,2023-11-04,2023,Q4,11,November,2023-11,FY2023-24,Q3
309,2023-11-05,2023,Q4,11,November,2023-11,FY2023-24,Q3
310,2023-11-06,2023,Q4,11,November,2023-11,FY2023-24,Q3
311,2023-11-07,2023,Q4,11,November,2023-11,FY2023-24,Q3
312,2023-11-08,2023,Q4,11,November,2023-11,FY2023-24,Q3
313,2023-11-09,2023,Q4,11,November,2023-11,FY2023-24,Q3
314,2023-11-10,2023,Q4,11,November,2023-11,FY2023-24,Q3
315,2023-11-11,2023,Q4,11,November,2023-11,FY2023-24,Q3
316,2023-11-12,2023,Q4,11,November,2023-11,FY2023-24,Q3
317,2023-11-13,2023,Q4,11,November,2023-11,FY2023-24,Q3
318,2023-11-14,2023,Q4,11,November,2023-11,FY2023-24,Q3
319,2023-11-15,2023,Q4,11,November,2023-11,FY2023-24,Q3
320,2023-11-16,2023,Q4,11,November,2023-11,FY2023-24,Q3
321,2023-11-17,2023,Q4,11,November,2023-11,FY2023-24,Q3
322,2023-11-18,2023,Q4,11,November,2023-11,FY2023-24,Q3
323,2023-11-19,2023,Q4,11,November,2023-11,FY2023-24,Q3
324,2023-11-20,2023,Q4,11,November,2023-11,FY2023-24,Q3
325,2023-11-21,2023,Q4,11,November,2023-11,FY2023-24,Q3
326,2023-11-22,2023,Q4,11,November,2023-11,FY2023-24,Q3
327,2023-11-23,2023,Q4,11,November,2023-11,FY2023-24,Q3
328,2023-11-24,2023,Q4,11,November,2023-11,FY2023-24,Q3
329,2023-11-25,2023,Q4,11,November,2023-11,FY2023-24,Q3
330,2023-11-26,2023,Q4,11,November,2023-11,FY2023-24,Q3
331,2023-11-27,2023,Q4,11,November,2023-11,FY2023-24,Q3
332,2023-11-28,2023,Q4,11,November,2023-11,FY2023-24,Q3
333,2023-11-29,2023,Q4,11,November,2023-11,FY2023-24,Q3
334,2023-11-30,2023,Q4,11,November,2023-11,FY2023-24,Q3
335,2023-12-01,2023,Q4,12,December,2023-12,FY2023-24,Q3
336,2023-12-02,2023,Q4,12,December,2023-12,FY2023-24,Q3
337,2023-12-03,2023,Q4,12,December,2023-12,FY2023-24,Q3
338,2023-12-04,2023,Q4,12,December,2023-12,FY2023-24,Q3
339,2023-12-05,2023,Q4,12,December,2023-12,FY2023-24,Q3
340,2023-12-06,2023,Q4,12,December,2023-12,FY2023-24,Q3
341,2023-12-07,2023,Q4,12,December,2023-12,FY2023-24,Q3
342,2023-12-08,2023,Q4,12,December,2023-12,FY2023-24,Q3
343,2023-12-09,2023,Q4,12,December,2023-12,FY2023-24,Q3
344,2023-12-10,2023,Q4,12,December,2023-12,FY2023-24,Q3
345,2023-12-11,2023,Q4,12,December,2023-12,FY2023-24,Q3
346,2023-12-12,2023,Q4,12,December,2023-12,FY2023-24,Q3
347,2023-12-13,2023,Q4,12,December,2023-12,FY2023-24,Q3
348,2023-12-14,2023,Q4,12,December,2023-12,FY2023-24,Q3
349,2023-12-15,2023,Q4,12,December,2023-12,FY2023-24,Q3
350,2023-12-16,2023,Q4,12,December,2023-12,FY2023-24,Q3
351,2023-12-17,2023,Q4,12,December,2023-12,FY2023-24,Q3
352,2023-12-18,2023,Q4,12,December,2023-12,FY2023-24,Q3
353,2023-12-19,2023,Q4,12,December,2023-12,FY2023-24,Q3
354,2023-12-20,2023,Q4,12,December,2023-12,FY2023-24,Q3
355,2023-12-21,2023,Q4,12,December,2023-12,FY2023-24,Q3
356,2023-12-22,2023,Q4,12,December,2023-12,FY2023-24,Q3
357,2023-12-23,2023,Q4,12,December,2023-12,FY2023-24,Q3
358,2023-12-24,2023,Q4,12,December,2023-12,FY2023-24,Q3
359,2023-12-25,2023,Q4,12,December,2023-12,FY2023-24,Q3
360,2023-12-26,2023,Q4,12,December,2023-12,FY2023-24,Q3
361,2023-12-27,2023,Q4,12,December,2023-12,FY2023-24,Q3
362,2023-12-28,2023,Q4,12,December,2023-12,FY2023-24,Q3
363,2023-12-29,2023,Q4,12,December,2023-12,FY2023-24,Q3
364,2023-12-30,2023,Q4,12,December,2023-12,FY2023-24,Q3
365,2023-12-31,2023,Q4,12,December,2023-12,FY2023-24,Q3
366,2024-01-01,2024,Q1,1,January,2024-01,FY2023-24,Q4
367,2024-01-02,2024,Q1,1,January,2024-01,FY2023-24,Q4
368,2024-01-03,2024,Q1,1,January,2024-01,FY2023-24,Q4
369,2024-01-04,2024,Q1,1,January,2024-01,FY2023-24,Q4
370,2024-01-05,2024,Q1,1,January,2024-01,FY2023-24,Q4
371,2024-01-06,2024,Q1,1,January,2024-01,FY2023-24,Q4
372,2024-01-07,2024,Q1,1,January,2024-01,FY2023-24,Q4
373,2024-01-08,2024,Q1,1,January,2024-01,FY2023-24,Q4
374,2024-01-09,2024,Q1,1,January,2024-01,FY2023-24,Q4
375,2024-01-10,2024,Q1,1,January,2024-01,FY2023-24,Q4
376,2024-01-11,2024,Q1,1,January,2024-01,FY2023-24,Q4
377,2024-01-12,2024,Q1,1,January,2024-01,FY2023-24,Q4
378,2024-01-13,2024,Q1,1,January,2024-01,FY2023-24,Q4
379,2024-01-14,2024,Q1,1,January,2024-01,FY2023-24,Q4
380,2024-01-15,2024,Q1,1,January,2024-01,FY2023-24,Q4
381,2024-01-16,2024,Q1,1,January,2024-01,FY2023-24,Q4
382,2024-01-17,2024,Q1,1,January,2024-01,FY2023-24,Q4
383,2024-01-18,2024,Q1,1,January,2024-01,FY2023-24,Q4
384,2024-01-19,2024,Q1,1,January,2024-01,FY2023-24,Q4
385,2024-01-20,2024,Q1,1,January,2024-01,FY2023-24,Q4
386,2024-01-21,2024,Q1,1,January,2024-01,FY2023-24,Q4
387,2024-01-22,2024,Q1,1,January,2024-01,FY2023-24,Q4
388,2024-01-23,2024,Q1,1,January,2024-01,FY2023-24,Q4
389,2024-01-24,2024,Q1,1,January,2024-01,FY2023-24,Q4
390,2024-01-25,2024,Q1,1,January,2024-01,FY2023-24,Q4
391,2024-01-26,2024,Q1,1,January,2024-01,FY2023-24,Q4
392,2024-01-27,2024,Q1,1,January,2024-01,FY2023-24,Q4
393,2024-01-28,2024,Q1,1,January,2024-01,FY2023-24,Q4
394,2024-01-29,2024,Q1,1,January,2024-01,FY2023-24,Q4
395,2024-01-30,2024,Q1,1,January,2024-01,FY2023-24,Q4
396,2024-01-31,2024,Q1,1,January,2024-01,FY2023-24,Q4
397,2024-02-01,2024,Q1,2,February,2024-02,FY2023-24,Q4
398,2024-02-02,2024,Q1,2,February,2024-02,FY2023-24,Q4
399,2024-02-03,2024,Q1,2,February,2024-02,FY2023-24,Q4
400,2024-02-04,2024,Q1,2,February,2024-02,FY2023-24,Q4
401,2024-02-05,2024,Q1,2,February,2024-02,FY2023-24,Q4
402,2024-02-06,2024,Q1,2,February,2024-02,FY2023-24,Q4
403,2024-02-07,2024,Q1,2,February,2024-02,FY2023-24,Q4
404,2024-02-08,2024,Q1,2,February,2024-02,FY2023-24,Q4
405,2024-02-09,2024,Q1,2,February,2024-02,FY2023-24,Q4
406,2024-02-10,2024,Q1,2,February,2024-02,FY2023-24,Q4
407,2024-02-11,2024,Q1,2,February,2024-02,FY2023-24,Q4
408,2024-02-12,2024,Q1,2,February,2024-02,FY2023-24,Q4
409,2024-02-13,2024,Q1,2,February,2024-02,FY2023-24,Q4
410,2024-02-14,2024,Q1,2,February,2024-02,FY2023-24,Q4
411,2024-02-15,2024,Q1,2,February,2024-02,FY2023-24,Q4
412,2024-02-16,2024,Q1,2,February,2024-02,FY2023-24,Q4
413,2024-02-17,2024,Q1,2,February,2024-02,FY2023-24,Q4
414,2024-02-18,2024,Q1,2,February,2024-02,FY2023-24,Q4
415,2024-02-19,2024,Q1,2,February,2024-02,FY2023-24,Q4
416,2024-02-20,2024,Q1,2,February,2024-02,FY2023-24,Q4
417,2024-02-21,2024,Q1,2,February,2024-02,FY2023-24,Q4
418,2024-02-22,2024,Q1,2,February,2024-02,FY2023-24,Q4
419,2024-02-23,2024,Q1,2,February,2024-02,FY2023-24,Q4
420,2024-02-24,2024,Q1,2,February,2024-02,FY2023-24,Q4
421,2024-02-25,2024,Q1,2,February,2024-02,FY2023-24,Q4
422,2024-02-26,2024,Q1,2,February,2024-02,FY2023-24,Q4
423,2024-02-27,2024,Q1,2,February,2024-02,FY2023-24,Q4
424,2024-02-28,2024,Q1,2,February,2024-02,FY2023-24,Q4
425,2024-02-29,2024,Q1,2,February,2024-02,FY2023-24,Q4
426,2024-03-01,2024,Q1,3,March,2024-03,FY2023-24,Q4
427,2024-03-02,2024,Q1,3,March,2024-03,FY2023-24,Q4
428,2024-03-03,2024,Q1,3,March,2024-03,FY2023-24,Q4
429,2024-03-04,2024,Q1,3,March,2024-03,FY2023-24,Q4
430,2024-03-05,2024,Q1,3,March,2024-03,FY2023-24,Q4
431,2024-03-06,2024,Q1,3,March,2024-03,FY2023-24,Q4
432,2024-03-07,2024,Q1,3,March,2024-03,FY2023-24,Q4
433,2024-03-08,2024,Q1,3,March,2024-03,FY2023-24,Q4
434,2024-03-09,2024,Q1,3,March,2024-03,FY2023-24,Q4
435,2024-03-10,2024,Q1,3,March,2024-03,FY2023-24,Q4
436,2024-03-11,2024,Q1,3,March,2024-03,FY2023-24,Q4
437,2024-03-12,2024,Q1,3,March,2024-03,FY2023-24,Q4
438,2024-03-13,2024,Q1,3,March,2024-03,FY2023-24,Q4
439,2024-03-14,2024,Q1,3,March,2024-03,FY2023-24,Q4
440,2024-03-15,2024,Q1,3,March,2024-03,FY2023-24,Q4
441,2024-03-16,2024,Q1,3,March,2024-03,FY2023-24,Q4
442,2024-03-17,2024,Q1,3,March,2024-03,FY2023-24,Q4
443,2024-03-18,2024,Q1,3,March,2024-03,FY2023-24,Q4
444,2024-03-19,2024,Q1,3,March,2024-03,FY2023-24,Q4
445,2024-03-20,2024,Q1,3,March,2024-03,FY2023-24,Q4
446,2024-03-21,2024,Q1,3,March,2024-03,FY2023-24,Q4
447,2024-03-22,2024,Q1,3,March,2024-03,FY2023-24,Q4
448,2024-03-23,2024,Q1,3,March,2024-03,FY2023-24,Q4
449,2024-03-24,2024,Q1,3,March,2024-03,FY2023-24,Q4
450,2024-03-25,2024,Q1,3,March,2024-03,FY2023-24,Q4
451,2024-03-26,2024,Q1,3,March,2024-03,FY2023-24,Q4
452,2024-03-27,2024,Q1,3,March,2024-03,FY2023-24,Q4
453,2024-03-28,2024,Q1,3,March,2024-03,FY2023-24,Q4
454,2024-03-29,2024,Q1,3,March,2024-03,FY2023-24,Q4
455,2024-03-30,2024,Q1,3,March,2024-03,FY2023-24,Q4
456,2024-03-31,2024,Q1,3,March,2024-03,FY2023-24,Q4
457,2024-04-01,2024,Q2,4,April,2024-04,FY2024-25,Q1
458,2024-04-02,2024,Q2,4,April,2024-04,FY2024-25,Q1
459,2024-04-03,2024,Q2,4,April,2024-04,FY2024-25,Q1
460,2024-04-04,2024,Q2,4,April,2024-04,FY2024-25,Q1
461,2024-04-05,2024,Q2,4,April,2024-04,FY2024-25,Q1
462,2024-04-06,2024,Q2,4,April,2024-04,FY2024-25,Q1
463,2024-04-07,2024,Q2,4,April,2024-04,FY2024-25,Q1
464,2024-04-08,2024,Q2,4,April,2024-04,FY2024-25,Q1
465,2024-04-09,2024,Q2,4,April,2024-04,FY2024-25,Q1
466,2024-04-10,2024,Q2,4,April,2024-04,FY2024-25,Q1
467,2024-04-11,2024,Q2,4,April,2024-04,FY2024-25,Q1
468,2024-04-12,2024,Q2,4,April,2024-04,FY2024-25,Q1
469,2024-04-13,2024,Q2,4,April,2024-04,FY2024-25,Q1
470,2024-04-14,2024,Q2,4,April,2024-04,FY2024-25,Q1
471,2024-04-15,2024,Q2,4,April,2024-04,FY2024-25,Q1
472,2024-04-16,2024,Q2,4,April,2024-04,FY2024-25,Q1
473,2024-04-17,2024,Q2,4,April,2024-04,FY2024-25,Q1
474,2024-04-18,2024,Q2,4,April,2024-04,FY2024-25,Q1
475,2024-04-19,2024,Q2,4,April,2024-04,FY2024-25,Q1
476,2024-04-20,2024,Q2,4,April,2024-04,FY2024-25,Q1
477,2024-04-21,2024,Q2,4,April,2024-04,FY2024-25,Q1
478,2024-04-22,2024,Q2,4,April,2024-04,FY2024-25,Q1
479,2024-04-23,2024,Q2,4,April,2024-04,FY2024-25,Q1
480,2024-04-24,2024,Q2,4,April,2024-04,FY2024-25,Q1
481,2024-04-25,2024,Q2,4,April,2024-04,FY2024-25,Q1
482,2024-04-26,2024,Q2,4,April,2024-04,FY2024-25,Q1
483,2024-04-27,2024,Q2,4,April,2024-04,FY2024-25,Q1
484,2024-04-28,2024,Q2,4,April,2024-04,FY2024-25,Q1
485,2024-04-29,2024,Q2,4,April,2024-04,FY2024-25,Q1
486,2024-04-30,2024,Q2,4,April,2024-04,FY2024-25,Q1
487,2024-05-01,2024,Q2,5,May,2024-05,FY2024-25,Q1
488,2024-05-02,2024,Q2,5,May,2024-05,FY2024-25,Q1
489,2024-05-03,2024,Q2,5,May,2024-05,FY2024-25,Q1
490,2024-05-04,2024,Q2,5,May,2024-05,FY2024-25,Q1
491,2024-05-05,2024,Q2,5,May,2024-05,FY2024-25,Q1
492,2024-05-06,2024,Q2,5,May,2024-05,FY2024-25,Q1
493,2024-05-07,2024,Q2,5,May,2024-05,FY2024-25,Q1
494,2024-05-08,2024,Q2,5,May,2024-05,FY2024-25,Q1
495,2024-05-09,2024,Q2,5,May,2024-05,FY2024-25,Q1
496,2024-05-10,2024,Q2,5,May,2024-05,FY2024-25,Q1
497,2024-05-11,2024,Q2,5,May,2024-05,FY2024-25,Q1
498,2024-05-12,2024,Q2,5,May,2024-05,FY2024-25,Q1
499,2024-05-13,2024,Q2,5,May,2024-05,FY2024-25,Q1
500,2024-05-14,2024,Q2,5,May,2024-05,FY2024-25,Q1
501,2024-05-15,2024,Q2,5,May,2024-05,FY2024-25,Q1
502,2024-05-16,2024,Q2,5,May,2024-05,FY2024-25,Q1
503,2024-05-17,2024,Q2,5,May,2024-05,FY2024-25,Q1
504,2024-05-18,2024,Q2,5,May,2024-05,FY2024-25,Q1
505,2024-05-19,2024,Q2,5,May,2024-05,FY2024-25,Q1
506,2024-05-20,2024,Q2,5,May,2024-05,FY2024-25,Q1
507,2024-05-21,2024,Q2,5,May,2024-05,FY2024-25,Q1
508,2024-05-22,2024,Q2,5,May,2024-05,FY2024-25,Q1
509,2024-05-23,2024,Q2,5,May,2024-05,FY2024-25,Q1
510,2024-05-24,2024,Q2,5,May,2024-05,FY2024-25,Q1
511,2024-05-25,2024,Q2,5,May,2024-05,FY2024-25,Q1
512,2024-05-26,2024,Q2,5,May,2024-05,FY2024-25,Q1
513,2024-05-27,2024,Q2,5,May,2024-05,FY2024-25,Q1
514,2024-05-28,2024,Q2,5,May,2024-05,FY2024-25,Q1
515,2024-05-29,2024,Q2,5,May,2024-05,FY2024-25,Q1
516,2024-05-30,2024,Q2,5,May,2024-05,FY2024-25,Q1
517,2024-05-31,2024,Q2,5,May,2024-05,FY2024-25,Q1
518,2024-06-01,2024,Q2,6,June,2024-06,FY2024-25,Q1
519,2024-06-02,2024,Q2,6,June,2024-06,FY2024-25,Q1
520,2024-06-03,2024,Q2,6,June,2024-06,FY2024-25,Q1
521,2024-06-04,2024,Q2,6,June,2024-06,FY2024-25,Q1
522,2024-06-05,2024,Q2,6,June,2024-06,FY2024-25,Q1
523,2024-06-06,2024,Q2,6,June,2024-06,FY2024-25,Q1
524,2024-06-07,2024,Q2,6,June,2024-06,FY2024-25,Q1
525,2024-06-08,2024,Q2,6,June,2024-06,FY2024-25,Q1
526,2024-06-09,2024,Q2,6,June,2024-06,FY2024-25,Q1
527,2024-06-10,2024,Q2,6,June,2024-06,FY2024-25,Q1
528,2024-06-11,2024,Q2,6,June,2024-06,FY2024-25,Q1
529,2024-06-12,2024,Q2,6,June,2024-06,FY2024-25,Q1
530,2024-06-13,2024,Q2,6,June,2024-06,FY2024-25,Q1
531,2024-06-14,2024,Q2,6,June,2024-06,FY2024-25,Q1
532,2024-06-15,2024,Q2,6,June,2024-06,FY2024-25,Q1
533,2024-06-16,2024,Q2,6,June,2024-06,FY2024-25,Q1
534,2024-06-17,2024,Q2,6,June,2024-06,FY2024-25,Q1
535,2024-06-18,2024,Q2,6,June,2024-06,FY2024-25,Q1
536,2024-06-19,2024,Q2,6,June,2024-06,FY2024-25,Q1
537,2024-06-20,2024,Q2,6,June,2024-06,FY2024-25,Q1
538,2024-06-21,2024,Q2,6,June,2024-06,FY2024-25,Q1
539,2024-06-22,2024,Q2,6,June,2024-06,FY2024-25,Q1
540,2024-06-23,2024,Q2,6,June,2024-06,FY2024-25,Q1
541,2024-06-24,2024,Q2,6,June,2024-06,FY2024-25,Q1
542,2024-06-25,2024,Q2,6,June,2024-06,FY2024-25,Q1
543,2024-06-26,2024,Q2,6,June,2024-06,FY2024-25,Q1
544,2024-06-27,2024,Q2,6,June,2024-06,FY2024-25,Q1
545,2024-06-28,2024,Q2,6,June,2024-06,FY2024-25,Q1
546,2024-06-29,2024,Q2,6,June,2024-06,FY2024-25,Q1
547,2024-06-30,2024,Q2,6,June,2024-06,FY2024-25,Q1
548,2024-07-01,2024,Q3,7,July,2024-07,FY2024-25,Q2
549,2024-07-02,2024,Q3,7,July,2024-07,FY2024-25,Q2
550,2024-07-03,2024,Q3,7,July,2024-07,FY2024-25,Q2
551,2024-07-04,2024,Q3,7,July,2024-07,FY2024-25,Q2
552,2024-07-05,2024,Q3,7,July,2024-07,FY2024-25,Q2
553,2024-07-06,2024,Q3,7,July,2024-07,FY2024-25,Q2
554,2024-07-07,2024,Q3,7,July,2024-07,FY2024-25,Q2
555,2024-07-08,2024,Q3,7,July,2024-07,FY2024-25,Q2
556,2024-07-09,2024,Q3,7,July,2024-07,FY2024-25,Q2
557,2024-07-10,2024,Q3,7,July,2024-07,FY2024-25,Q2
558,2024-07-11,2024,Q3,7,July,2024-07,FY2024-25,Q2
559,2024-07-12,2024,Q3,7,July,2024-07,FY2024-25,Q2
560,2024-07-13,2024,Q3,7,July,2024-07,FY2024-25,Q2
561,2024-07-14,2024,Q3,7,July,2024-07,FY2024-25,Q2
562,2024-07-15,2024,Q3,7,July,2024-07,FY2024-25,Q2
563,2024-07-16,2024,Q3,7,July,2024-07,FY2024-25,Q2
564,2024-07-17,2024,Q3,7,July,2024-07,FY2024-25,Q2
565,2024-07-18,2024,Q3,7,July,2024-07,FY2024-25,Q2
566,2024-07-19,2024,Q3,7,July,2024-07,FY2024-25,Q2
567,2024-07-20,2024,Q3,7,July,2024-07,FY2024-25,Q2
568,2024-07-21,2024,Q3,7,July,2024-07,FY2024-25,Q2
569,2024-07-22,2024,Q3,7,July,2024-07,FY2024-25,Q2
570,2024-07-23,2024,Q3,7,July,2024-07,FY2024-25,Q2
571,2024-07-24,2024,Q3,7,July,2024-07,FY2024-25,Q2
572,2024-07-25,2024,Q3,7,July,2024-07,FY2024-25,Q2
573,2024-07-26,2024,Q3,7,July,2024-07,FY2024-25,Q2
574,2024-07-27,2024,Q3,7,July,2024-07,FY2024-25,Q2
575,2024-07-28,2024,Q3,7,July,2024-07,FY2024-25,Q2
576,2024-07-29,2024,Q3,7,July,2024-07,FY2024-25,Q2
577,2024-07-30,2024,Q3,7,July,2024-07,FY2024-25,Q2
578,2024-07-31,2024,Q3,7,July,2024-07,FY2024-25,Q2
579,2024-08-01,2024,Q3,8,August,2024-08,FY2024-25,Q2
580,2024-08-02,2024,Q3,8,August,2024-08,FY2024-25,Q2
581,2024-08-03,2024,Q3,8,August,2024-08,FY2024-25,Q2
582,2024-08-04,2024,Q3,8,August,2024-08,FY2024-25,Q2
583,2024-08-05,2024,Q3,8,August,2024-08,FY2024-25,Q2
584,2024-08-06,2024,Q3,8,August,2024-08,FY2024-25,Q2
585,2024-08-07,2024,Q3,8,August,2024-08,FY2024-25,Q2
586,2024-08-08,2024,Q3,8,August,2024-08,FY2024-25,Q2
587,2024-08-09,2024,Q3,8,August,2024-08,FY2024-25,Q2
588,2024-08-10,2024,Q3,8,August,2024-08,FY2024-25,Q2
589,2024-08-11,2024,Q3,8,August,2024-08,FY2024-25,Q2
590,2024-08-12,2024,Q3,8,August,2024-08,FY2024-25,Q2
591,2024-08-13,2024,Q3,8,August,2024-08,FY2024-25,Q2
592,2024-08-14,2024,Q3,8,August,2024-08,FY2024-25,Q2
593,2024-08-15,2024,Q3,8,August,2024-08,FY2024-25,Q2
594,2024-08-16,2024,Q3,8,August,2024-08,FY2024-25,Q2
595,2024-08-17,2024,Q3,8,August,2024-08,FY2024-25,Q2
596,2024-08-18,2024,Q3,8,August,2024-08,FY2024-25,Q2
597,2024-08-19,2024,Q3,8,August,2024-08,FY2024-25,Q2
598,2024-08-20,2024,Q3,8,August,2024-08,FY2024-25,Q2
599,2024-08-21,2024,Q3,8,August,2024-08,FY2024-25,Q2
600,2024-08-22,2024,Q3,8,August,2024-08,FY2024-25,Q2
601,2024-08-23,2024,Q3,8,August,2024-08,FY2024-25,Q2
602,2024-08-24,2024,Q3,8,August,2024-08,FY2024-25,Q2
603,2024-08-25,2024,Q3,8,August,2024-08,FY2024-25,Q2
604,2024-08-26,2024,Q3,8,August,2024-08,FY2024-25,Q2
605,2024-08-27,2024,Q3,8,August,2024-08,FY2024-25,Q2
606,2024-08-28,2024,Q3,8,August,2024-08,FY2024-25,Q2
607,2024-08-29,2024,Q3,8,August,2024-08,FY2024-25,Q2
608,2024-08-30,2024,Q3,8,August,2024-08,FY2024-25,Q2
609,2024-08-31,2024,Q3,8,August,2024-08,FY2024-25,Q2
610,2024-09-01,2024,Q3,9,September,2024-09,FY2024-25,Q2
611,2024-09-02,2024,Q3,9,September,2024-09,FY2024-25,Q2
612,2024-09-03,2024,Q3,9,September,2024-09,FY2024-25,Q2
613,2024-09-04,2024,Q3,9,September,2024-09,FY2024-25,Q2
614,2024-09-05,2024,Q3,9,September,2024-09,FY2024-25,Q2
615,2024-09-06,2024,Q3,9,September,2024-09,FY2024-25,Q2
616,2024-09-07,2024,Q3,9,September,2024-09,FY2024-25,Q2
617,2024-09-08,2024,Q3,9,September,2024-09,FY2024-25,Q2
618,2024-09-09,2024,Q3,9,September,2024-09,FY2024-25,Q2
619,2024-09-10,2024,Q3,9,September,2024-09,FY2024-25,Q2
620,2024-09-11,2024,Q3,9,September,2024-09,FY2024-25,Q2
621,2024-09-12,2024,Q3,9,September,2024-09,FY2024-25,Q2
622,2024-09-13,2024,Q3,9,September,2024-09,FY2024-25,Q2
623,2024-09-14,2024,Q3,9,September,2024-09,FY2024-25,Q2
624,2024-09-15,2024,Q3,9,September,2024-09,FY2024-25,Q2
625,2024-09-16,2024,Q3,9,September,2024-09,FY2024-25,Q2
626,2024-09-17,2024,Q3,9,September,2024-09,FY2024-25,Q2
627,2024-09-18,2024,Q3,9,September,2024-09,FY2024-25,Q2
628,2024-09-19,2024,Q3,9,September,2024-09,FY2024-25,Q2
629,2024-09-20,2024,Q3,9,September,2024-09,FY2024-25,Q2
630,2024-09-21,2024,Q3,9,September,2024-09,FY2024-25,Q2
631,2024-09-22,2024,Q3,9,September,2024-09,FY2024-25,Q2
632,2024-09-23,2024,Q3,9,September,2024-09,FY2024-25,Q2
633,2024-09-24,2024,Q3,9,September,2024-09,FY2024-25,Q2
634,2024-09-25,2024,Q3,9,September,2024-09,FY2024-25,Q2
635,2024-09-26,2024,Q3,9,September,2024-09,FY2024-25,Q2
636,2024-09-27,2024,Q3,9,September,2024-09,FY2024-25,Q2
637,2024-09-28,2024,Q3,9,September,2024-09,FY2024-25,Q2
638,2024-09-29,2024,Q3,9,September,2024-09,FY2024-25,Q2
639,2024-09-30,2024,Q3,9,September,2024-09,FY2024-25,Q2
640,2024-10-01,2024,Q4,10,October,2024-10,FY2024-25,Q3
641,2024-10-02,2024,Q4,10,October,2024-10,FY2024-25,Q3
642,2024-10-03,2024,Q4,10,October,2024-10,FY2024-25,Q3
643,2024-10-04,2024,Q4,10,October,2024-10,FY2024-25,Q3
644,2024-10-05,2024,Q4,10,October,2024-10,FY2024-25,Q3
645,2024-10-06,2024,Q4,10,October,2024-10,FY2024-25,Q3
646,2024-10-07,2024,Q4,10,October,2024-10,FY2024-25,Q3
647,2024-10-08,2024,Q4,10,October,2024-10,FY2024-25,Q3
648,2024-10-09,2024,Q4,10,October,2024-10,FY2024-25,Q3
649,2024-10-10,2024,Q4,10,October,2024-10,FY2024-25,Q3
650,2024-10-11,2024,Q4,10,October,2024-10,FY2024-25,Q3
651,2024-10-12,2024,Q4,10,October,2024-10,FY2024-25,Q3
652,2024-10-13,2024,Q4,10,October,2024-10,FY2024-25,Q3
653,2024-10-14,2024,Q4,10,October,2024-10,FY2024-25,Q3
654,2024-10-15,2024,Q4,10,October,2024-10,FY2024-25,Q3
655,2024-10-16,2024,Q4,10,October,2024-10,FY2024-25,Q3
656,2024-10-17,2024,Q4,10,October,2024-10,FY2024-25,Q3
657,2024-10-18,2024,Q4,10,October,2024-10,FY2024-25,Q3
658,2024-10-19,2024,Q4,10,October,2024-10,FY2024-25,Q3
659,2024-10-20,2024,Q4,10,October,2024-10,FY2024-25,Q3
660,2024-10-21,2024,Q4,10,October,2024-10,FY2024-25,Q3
661,2024-10-22,2024,Q4,10,October,2024-10,FY2024-25,Q3
662,2024-10-23,2024,Q4,10,October,2024-10,FY2024-25,Q3
663,2024-10-24,2024,Q4,10,October,2024-10,FY2024-25,Q3
664,2024-10-25,2024,Q4,10,October,2024-10,FY2024-25,Q3
665,2024-10-26,2024,Q4,10,October,2024-10,FY2024-25,Q3
666,2024-10-27,2024,Q4,10,October,2024-10,FY2024-25,Q3
667,2024-10-28,2024,Q4,10,October,2024-10,FY2024-25,Q3
668,2024-10-29,2024,Q4,10,October,2024-10,FY2024-25,Q3
669,2024-10-30,2024,Q4,10,October,2024-10,FY2024-25,Q3
670,2024-10-31,2024,Q4,10,October,2024-10,FY2024-25,Q3
671,2024-11-01,2024,Q4,11,November,2024-11,FY2024-25,Q3
672,2024-11-02,2024,Q4,11,November,2024-11,FY2024-25,Q3
673,2024-11-03,2024,Q4,11,November,2024-11,FY2024-25,Q3
674,2024-11-04,2024,Q4,11,November,2024-11,FY2024-25,Q3
675,2024-11-05,2024,Q4,11,November,2024-11,FY2024-25,Q3
676,2024-11-06,2024,Q4,11,November,2024-11,FY2024-25,Q3
677,2024-11-07,2024,Q4,11,November,2024-11,FY2024-25,Q3
678,2024-11-08,2024,Q4,11,November,2024-11,FY2024-25,Q3
679,2024-11-09,2024,Q4,11,November,2024-11,FY2024-25,Q3
680,2024-11-10,2024,Q4,11,November,2024-11,FY2024-25,Q3
681,2024-11-11,2024,Q4,11,November,2024-11,FY2024-25,Q3
682,2024-11-12,2024,Q4,11,November,2024-11,FY2024-25,Q3
683,2024-11-13,2024,Q4,11,November,2024-11,FY2024-25,Q3
684,2024-11-14,2024,Q4,11,November,2024-11,FY2024-25,Q3
685,2024-11-15,2024,Q4,11,November,2024-11,FY2024-25,Q3
686,2024-11-16,2024,Q4,11,November,2024-11,FY2024-25,Q3
687,2024-11-17,2024,Q4,11,November,2024-11,FY2024-25,Q3
688,2024-11-18,2024,Q4,11,November,2024-11,FY2024-25,Q3
689,2024-11-19,2024,Q4,11,November,2024-11,FY2024-25,Q3
690,2024-11-20,2024,Q4,11,November,2024-11,FY2024-25,Q3
691,2024-11-21,2024,Q4,11,November,2024-11,FY2024-25,Q3
692,2024-11-22,2024,Q4,11,November,2024-11,FY2024-25,Q3
693,2024-11-23,2024,Q4,11,November,2024-11,FY2024-25,Q3
694,2024-11-24,2024,Q4,11,November,2024-11,FY2024-25,Q3
695,2024-11-25,2024,Q4,11,November,2024-11,FY2024-25,Q3
696,2024-11-26,2024,Q4,11,November,2024-11,FY2024-25,Q3
697,2024-11-27,2024,Q4,11,November,2024-11,FY2024-25,Q3
698,2024-11-28,2024,Q4,11,November,2024-11,FY2024-25,Q3
699,2024-11-29,2024,Q4,11,November,2024-11,FY2024-25,Q3
700,2024-11-30,2024,Q4,11,November,2024-11,FY2024-25,Q3
701,2024-12-01,2024,Q4,12,December,2024-12,FY2024-25,Q3
702,2024-12-02,2024,Q4,12,December,2024-12,FY2024-25,Q3
703,2024-12-03,2024,Q4,12,December,2024-12,FY2024-25,Q3
704,2024-12-04,2024,Q4,12,December,2024-12,FY2024-25,Q3
705,2024-12-05,2024,Q4,12,December,2024-12,FY2024-25,Q3
706,2024-12-06,2024,Q4,12,December,2024-12,FY2024-25,Q3
707,2024-12-07,2024,Q4,12,December,2024-12,FY2024-25,Q3
708,2024-12-08,2024,Q4,12,December,2024-12,FY2024-25,Q3
709,2024-12-09,2024,Q4,12,December,2024-12,FY2024-25,Q3
710,2024-12-10,2024,Q4,12,December,2024-12,FY2024-25,Q3
711,2024-12-11,2024,Q4,12,December,2024-12,FY2024-25,Q3
712,2024-12-12,2024,Q4,12,December,2024-12,FY2024-25,Q3
713,2024-12-13,2024,Q4,12,December,2024-12,FY2024-25,Q3
714,2024-12-14,2024,Q4,12,December,2024-12,FY2024-25,Q3
715,2024-12-15,2024,Q4,12,December,2024-12,FY2024-25,Q3
716,2024-12-16,2024,Q4,12,December,2024-12,FY2024-25,Q3
717,2024-12-17,2024,Q4,12,December,2024-12,FY2024-25,Q3
718,2024-12-18,2024,Q4,12,December,2024-12,FY2024-25,Q3
719,2024-12-19,2024,Q4,12,December,2024-12,FY2024-25,Q3
720,2024-12-20,2024,Q4,12,December,2024-12,FY2024-25,Q3
721,2024-12-21,2024,Q4,12,December,2024-12,FY2024-25,Q3
722,2024-12-22,2024,Q4,12,December,2024-12,FY2024-25,Q3
723,2024-12-23,2024,Q4,12,December,2024-12,FY2024-25,Q3
724,2024-12-24,2024,Q4,12,December,2024-12,FY2024-25,Q3
725,2024-12-25,2024,Q4,12,December,2024-12,FY2024-25,Q3
726,2024-12-26,2024,Q4,12,December,2024-12,FY2024-25,Q3
727,2024-12-27,2024,Q4,12,December,2024-12,FY2024-25,Q3
728,2024-12-28,2024,Q4,12,December,2024-12,FY2024-25,Q3
729,2024-12-29,2024,Q4,12,December,2024-12,FY2024-25,Q3
730,2024-12-30,2024,Q4,12,December,2024-12,FY2024-25,Q3
731,2024-12-31,2024,Q4,12,December,2024-12,FY2024-25,Q3
732,2025-01-01,2025,Q1,1,January,2025-01,FY2024-25,Q4
733,2025-01-02,2025,Q1,1,January,2025-01,FY2024-25,Q4
734,2025-01-03,2025,Q1,1,January,2025-01,FY2024-25,Q4
735,2025-01-04,2025,Q1,1,January,2025-01,FY2024-25,Q4
736,2025-01-05,2025,Q1,1,January,2025-01,FY2024-25,Q4
737,2025-01-06,2025,Q1,1,January,2025-01,FY2024-25,Q4
738,2025-01-07,2025,Q1,1,January,2025-01,FY2024-25,Q4
739,2025-01-08,2025,Q1,1,January,2025-01,FY2024-25,Q4
740,2025-01-09,2025,Q1,1,January,2025-01,FY2024-25,Q4
741,2025-01-10,2025,Q1,1,January,2025-01,FY2024-25,Q4
742,2025-01-11,2025,Q1,1,January,2025-01,FY2024-25,Q4
743,2025-01-12,2025,Q1,1,January,2025-01,FY2024-25,Q4
744,2025-01-13,2025,Q1,1,January,2025-01,FY2024-25,Q4
745,2025-01-14,2025,Q1,1,January,2025-01,FY2024-25,Q4
746,2025-01-15,2025,Q1,1,January,2025-01,FY2024-25,Q4
747,2025-01-16,2025,Q1,1,January,2025-01,FY2024-25,Q4
748,2025-01-17,2025,Q1,1,January,2025-01,FY2024-25,Q4
749,2025-01-18,2025,Q1,1,January,2025-01,FY2024-25,Q4
750,2025-01-19,2025,Q1,1,January,2025-01,FY2024-25,Q4
751,2025-01-20,2025,Q1,1,January,2025-01,FY2024-25,Q4
752,2025-01-21,2025,Q1,1,January,2025-01,FY2024-25,Q4
753,2025-01-22,2025,Q1,1,January,2025-01,FY2024-25,Q4
754,2025-01-23,2025,Q1,1,January,2025-01,FY2024-25,Q4
755,2025-01-24,2025,Q1,1,January,2025-01,FY2024-25,Q4
756,2025-01-25,2025,Q1,1,January,2025-01,FY2024-25,Q4
757,2025-01-26,2025,Q1,1,January,2025-01,FY2024-25,Q4
758,2025-01-27,2025,Q1,1,January,2025-01,FY2024-25,Q4
759,2025-01-28,2025,Q1,1,January,2025-01,FY2024-25,Q4
760,2025-01-29,2025,Q1,1,January,2025-01,FY2024-25,Q4
761,2025-01-30,2025,Q1,1,January,2025-01,FY2024-25,Q4
762,2025-01-31,2025,Q1,1,January,2025-01,FY2024-25,Q4
763,2025-02-01,2025,Q1,2,February,2025-02,FY2024-25,Q4
764,2025-02-02,2025,Q1,2,February,2025-02,FY2024-25,Q4
765,2025-02-03,2025,Q1,2,February,2025-02,FY2024-25,Q4
766,2025-02-04,2025,Q1,2,February,2025-02,FY2024-25,Q4
767,2025-02-05,2025,Q1,2,February,2025-02,FY2024-25,Q4
768,2025-02-06,2025,Q1,2,February,2025-02,FY2024-25,Q4
769,2025-02-07,2025,Q1,2,February,2025-02,FY2024-25,Q4
770,2025-02-08,2025,Q1,2,February,2025-02,FY2024-25,Q4
771,2025-02-09,2025,Q1,2,February,2025-02,FY2024-25,Q4
772,2025-02-10,2025,Q1,2,February,2025-02,FY2024-25,Q4
773,2025-02-11,2025,Q1,2,February,2025-02,FY2024-25,Q4
774,2025-02-12,2025,Q1,2,February,2025-02,FY2024-25,Q4
775,2025-02-13,2025,Q1,2,February,2025-02,FY2024-25,Q4
776,2025-02-14,2025,Q1,2,February,2025-02,FY2024-25,Q4
777,2025-02-15,2025,Q1,2,February,2025-02,FY2024-25,Q4
778,2025-02-16,2025,Q1,2,February,2025-02,FY2024-25,Q4
779,2025-02-17,2025,Q1,2,February,2025-02,FY2024-25,Q4
780,2025-02-18,2025,Q1,2,February,2025-02,FY2024-25,Q4
781,2025-02-19,2025,Q1,2,February,2025-02,FY2024-25,Q4
782,2025-02-20,2025,Q1,2,February,2025-02,FY2024-25,Q4
783,2025-02-21,2025,Q1,2,February,2025-02,FY2024-25,Q4
784,2025-02-22,2025,Q1,2,February,2025-02,FY2024-25,Q4
785,2025-02-23,2025,Q1,2,February,2025-02,FY2024-25,Q4
786,2025-02-24,2025,Q1,2,February,2025-02,FY2024-25,Q4
787,2025-02-25,2025,Q1,2,February,2025-02,FY2024-25,Q4
788,2025-02-26,2025,Q1,2,February,2025-02,FY2024-25,Q4
789,2025-02-27,2025,Q1,2,February,2025-02,FY2024-25,Q4
790,2025-02-28,2025,Q1,2,February,2025-02,FY2024-25,Q4
791,2025-03-01,2025,Q1,3,March,2025-03,FY2024-25,Q4
792,2025-03-02,2025,Q1,3,March,2025-03,FY2024-25,Q4
793,2025-03-03,2025,Q1,3,March,2025-03,FY2024-25,Q4
794,2025-03-04,2025,Q1,3,March,2025-03,FY2024-25,Q4
795,2025-03-05,2025,Q1,3,March,2025-03,FY2024-25,Q4
796,2025-03-06,2025,Q1,3,March,2025-03,FY2024-25,Q4
797,2025-03-07,2025,Q1,3,March,2025-03,FY2024-25,Q4
798,2025-03-08,2025,Q1,3,March,2025-03,FY2024-25,Q4
799,2025-03-09,2025,Q1,3,March,2025-03,FY2024-25,Q4
800,2025-03-10,2025,Q1,3,March,2025-03,FY2024-25,Q4
801,2025-03-11,2025,Q1,3,March,2025-03,FY2024-25,Q4
802,2025-03-12,2025,Q1,3,March,2025-03,FY2024-25,Q4
803,2025-03-13,2025,Q1,3,March,2025-03,FY2024-25,Q4
804,2025-03-14,2025,Q1,3,March,2025-03,FY2024-25,Q4
805,2025-03-15,2025,Q1,3,March,2025-03,FY2024-25,Q4
806,2025-03-16,2025,Q1,3,March,2025-03,FY2024-25,Q4
807,2025-03-17,2025,Q1,3,March,2025-03,FY2024-25,Q4
808,2025-03-18,2025,Q1,3,March,2025-03,FY2024-25,Q4
809,2025-03-19,2025,Q1,3,March,2025-03,FY2024-25,Q4
810,2025-03-20,2025,Q1,3,March,2025-03,FY2024-25,Q4
811,2025-03-21,2025,Q1,3,March,2025-03,FY2024-25,Q4
812,2025-03-22,2025,Q1,3,March,2025-03,FY2024-25,Q4
813,2025-03-23,2025,Q1,3,March,2025-03,FY2024-25,Q4
814,2025-03-24,2025,Q1,3,March,2025-03,FY2024-25,Q4
815,2025-03-25,2025,Q1,3,March,2025-03,FY2024-25,Q4
816,2025-03-26,2025,Q1,3,March,2025-03,FY2024-25,Q4
817,2025-03-27,2025,Q1,3,March,2025-03,FY2024-25,Q4
818,2025-03-28,2025,Q1,3,March,2025-03,FY2024-25,Q4
819,2025-03-29,2025,Q1,3,March,2025-03,FY2024-25,Q4
820,2025-03-30,2025,Q1,3,March,2025-03,FY2024-25,Q4
821,2025-03-31,2025,Q1,3,March,2025-03,FY2024-25,Q4
822,2025-04-01,2025,Q2,4,April,2025-04,FY2025-26,Q1
823,2025-04-02,2025,Q2,4,April,2025-04,FY2025-26,Q1
824,2025-04-03,2025,Q2,4,April,2025-04,FY2025-26,Q1
825,2025-04-04,2025,Q2,4,April,2025-04,FY2025-26,Q1
826,2025-04-05,2025,Q2,4,April,2025-04,FY2025-26,Q1
827,2025-04-06,2025,Q2,4,April,2025-04,FY2025-26,Q1
828,2025-04-07,2025,Q2,4,April,2025-04,FY2025-26,Q1
829,2025-04-08,2025,Q2,4,April,2025-04,FY2025-26,Q1
830,2025-04-09,2025,Q2,4,April,2025-04,FY2025-26,Q1
831,2025-04-10,2025,Q2,4,April,2025-04,FY2025-26,Q1
832,2025-04-11,2025,Q2,4,April,2025-04,FY2025-26,Q1
833,2025-04-12,2025,Q2,4,April,2025-04,FY2025-26,Q1
834,2025-04-13,2025,Q2,4,April,2025-04,FY2025-26,Q1
835,2025-04-14,2025,Q2,4,April,2025-04,FY2025-26,Q1
836,2025-04-15,2025,Q2,4,April,2025-04,FY2025-26,Q1
837,2025-04-16,2025,Q2,4,April,2025-04,FY2025-26,Q1
838,2025-04-17,2025,Q2,4,April,2025-04,FY2025-26,Q1
839,2025-04-18,2025,Q2,4,April,2025-04,FY2025-26,Q1
840,2025-04-19,2025,Q2,4,April,2025-04,FY2025-26,Q1
841,2025-04-20,2025,Q2,4,April,2025-04,FY2025-26,Q1
842,2025-04-21,2025,Q2,4,April,2025-04,FY2025-26,Q1
843,2025-04-22,2025,Q2,4,April,2025-04,FY2025-26,Q1
844,2025-04-23,2025,Q2,4,April,2025-04,FY2025-26,Q1
845,2025-04-24,2025,Q2,4,April,2025-04,FY2025-26,Q1
846,2025-04-25,2025,Q2,4,April,2025-04,FY2025-26,Q1
847,2025-04-26,2025,Q2,4,April,2025-04,FY2025-26,Q1
848,2025-04-27,2025,Q2,4,April,2025-04,FY2025-26,Q1
849,2025-04-28,2025,Q2,4,April,2025-04,FY2025-26,Q1
850,2025-04-29,2025,Q2,4,April,2025-04,FY2025-26,Q1
851,2025-04-30,2025,Q2,4,April,2025-04,FY2025-26,Q1
852,2025-05-01,2025,Q2,5,May,2025-05,FY2025-26,Q1
853,2025-05-02,2025,Q2,5,May,2025-05,FY2025-26,Q1
854,2025-05-03,2025,Q2,5,May,2025-05,FY2025-26,Q1
855,2025-05-04,2025,Q2,5,May,2025-05,FY2025-26,Q1
856,2025-05-05,2025,Q2,5,May,2025-05,FY2025-26,Q1
857,2025-05-06,2025,Q2,5,May,2025-05,FY2025-26,Q1
858,2025-05-07,2025,Q2,5,May,2025-05,FY2025-26,Q1
859,2025-05-08,2025,Q2,5,May,2025-05,FY2025-26,Q1
860,2025-05-09,2025,Q2,5,May,2025-05,FY2025-26,Q1
861,2025-05-10,2025,Q2,5,May,2025-05,FY2025-26,Q1
862,2025-05-11,2025,Q2,5,May,2025-05,FY2025-26,Q1
863,2025-05-12,2025,Q2,5,May,2025-05,FY2025-26,Q1
864,2025-05-13,2025,Q2,5,May,2025-05,FY2025-26,Q1
865,2025-05-14,2025,Q2,5,May,2025-05,FY2025-26,Q1
866,2025-05-15,2025,Q2,5,May,2025-05,FY2025-26,Q1
867,2025-05-16,2025,Q2,5,May,2025-05,FY2025-26,Q1
868,2025-05-17,2025,Q2,5,May,2025-05,FY2025-26,Q1
869,2025-05-18,2025,Q2,5,May,2025-05,FY2025-26,Q1
870,2025-05-19,2025,Q2,5,May,2025-05,FY2025-26,Q1
871,2025-05-20,2025,Q2,5,May,2025-05,FY2025-26,Q1
872,2025-05-21,2025,Q2,5,May,2025-05,FY2025-26,Q1
873,2025-05-22,2025,Q2,5,May,2025-05,FY2025-26,Q1
874,2025-05-23,2025,Q2,5,May,2025-05,FY2025-26,Q1
875,2025-05-24,2025,Q2,5,May,2025-05,FY2025-26,Q1
876,2025-05-25,2025,Q2,5,May,2025-05,FY2025-26,Q1
877,2025-05-26,2025,Q2,5,May,2025-05,FY2025-26,Q1
878,2025-05-27,2025,Q2,5,May,2025-05,FY2025-26,Q1
879,2025-05-28,2025,Q2,5,May,2025-05,FY2025-26,Q1
880,2025-05-29,2025,Q2,5,May,2025-05,FY2025-26,Q1
881,2025-05-30,2025,Q2,5,May,2025-05,FY2025-26,Q1
882,2025-05-31,2025,Q2,5,May,2025-05,FY2025-26,Q1
883,2025-06-01,2025,Q2,6,June,2025-06,FY2025-26,Q1
884,2025-06-02,2025,Q2,6,June,2025-06,FY2025-26,Q1
885,2025-06-03,2025,Q2,6,June,2025-06,FY2025-26,Q1
886,2025-06-04,2025,Q2,6,June,2025-06,FY2025-26,Q1
887,2025-06-05,2025,Q2,6,June,2025-06,FY2025-26,Q1
888,2025-06-06,2025,Q2,6,June,2025-06,FY2025-26,Q1
889,2025-06-07,2025,Q2,6,June,2025-06,FY2025-26,Q1
890,2025-06-08,2025,Q2,6,June,2025-06,FY2025-26,Q1
891,2025-06-09,2025,Q2,6,June,2025-06,FY2025-26,Q1
892,2025-06-10,2025,Q2,6,June,2025-06,FY2025-26,Q1
893,2025-06-11,2025,Q2,6,June,2025-06,FY2025-26,Q1
894,2025-06-12,2025,Q2,6,June,2025-06,FY2025-26,Q1
895,2025-06-13,2025,Q2,6,June,2025-06,FY2025-26,Q1
896,2025-06-14,2025,Q2,6,June,2025-06,FY2025-26,Q1
897,2025-06-15,2025,Q2,6,June,2025-06,FY2025-26,Q1
898,2025-06-16,2025,Q2,6,June,2025-06,FY2025-26,Q1
899,2025-06-17,2025,Q2,6,June,2025-06,FY2025-26,Q1
900,2025-06-18,2025,Q2,6,June,2025-06,FY2025-26,Q1
901,2025-06-19,2025,Q2,6,June,2025-06,FY2025-26,Q1
902,2025-06-20,2025,Q2,6,June,2025-06,FY2025-26,Q1
903,2025-06-21,2025,Q2,6,June,2025-06,FY2025-26,Q1
904,2025-06-22,2025,Q2,6,June,2025-06,FY2025-26,Q1
905,2025-06-23,2025,Q2,6,June,2025-06,FY2025-26,Q1
906,2025-06-24,2025,Q2,6,June,2025-06,FY2025-26,Q1
907,2025-06-25,2025,Q2,6,June,2025-06,FY2025-26,Q1
908,2025-06-26,2025,Q2,6,June,2025-06,FY2025-26,Q1
909,2025-06-27,2025,Q2,6,June,2025-06,FY2025-26,Q1
910,2025-06-28,2025,Q2,6,June,2025-06,FY2025-26,Q1
911,2025-06-29,2025,Q2,6,June,2025-06,FY2025-26,Q1
912,2025-06-30,2025,Q2,6,June,2025-06,FY2025-26,Q1
913,2025-07-01,2025,Q3,7,July,2025-07,FY2025-26,Q2
914,2025-07-02,2025,Q3,7,July,2025-07,FY2025-26,Q2
915,2025-07-03,2025,Q3,7,July,2025-07,FY2025-26,Q2
916,2025-07-04,2025,Q3,7,July,2025-07,FY2025-26,Q2
917,2025-07-05,2025,Q3,7,July,2025-07,FY2025-26,Q2
918,2025-07-06,2025,Q3,7,July,2025-07,FY2025-26,Q2
919,2025-07-07,2025,Q3,7,July,2025-07,FY2025-26,Q2
920,2025-07-08,2025,Q3,7,July,2025-07,FY2025-26,Q2
921,2025-07-09,2025,Q3,7,July,2025-07,FY2025-26,Q2
922,2025-07-10,2025,Q3,7,July,2025-07,FY2025-26,Q2
923,2025-07-11,2025,Q3,7,July,2025-07,FY2025-26,Q2
924,2025-07-12,2025,Q3,7,July,2025-07,FY2025-26,Q2
925,2025-07-13,2025,Q3,7,July,2025-07,FY2025-26,Q2
926,2025-07-14,2025,Q3,7,July,2025-07,FY2025-26,Q2
927,2025-07-15,2025,Q3,7,July,2025-07,FY2025-26,Q2
928,2025-07-16,2025,Q3,7,July,2025-07,FY2025-26,Q2
929,2025-07-17,2025,Q3,7,July,2025-07,FY2025-26,Q2
930,2025-07-18,2025,Q3,7,July,2025-07,FY2025-26,Q2
931,2025-07-19,2025,Q3,7,July,2025-07,FY2025-26,Q2
932,2025-07-20,2025,Q3,7,July,2025-07,FY2025-26,Q2
933,2025-07-21,2025,Q3,7,July,2025-07,FY2025-26,Q2
934,2025-07-22,2025,Q3,7,July,2025-07,FY2025-26,Q2
935,2025-07-23,2025,Q3,7,July,2025-07,FY2025-26,Q2
936,2025-07-24,2025,Q3,7,July,2025-07,FY2025-26,Q2
937,2025-07-25,2025,Q3,7,July,2025-07,FY2025-26,Q2
938,2025-07-26,2025,Q3,7,July,2025-07,FY2025-26,Q2
939,2025-07-27,2025,Q3,7,July,2025-07,FY2025-26,Q2
940,2025-07-28,2025,Q3,7,July,2025-07,FY2025-26,Q2
941,2025-07-29,2025,Q3,7,July,2025-07,FY2025-26,Q2
942,2025-07-30,2025,Q3,7,July,2025-07,FY2025-26,Q2
943,2025-07-31,2025,Q3,7,July,2025-07,FY2025-26,Q2
944,2025-08-01,2025,Q3,8,August,2025-08,FY2025-26,Q2
945,2025-08-02,2025,Q3,8,August,2025-08,FY2025-26,Q2
946,2025-08-03,2025,Q3,8,August,2025-08,FY2025-26,Q2
947,2025-08-04,2025,Q3,8,August,2025-08,FY2025-26,Q2
948,2025-08-05,2025,Q3,8,August,2025-08,FY2025-26,Q2
949,2025-08-06,2025,Q3,8,August,2025-08,FY2025-26,Q2
950,2025-08-07,2025,Q3,8,August,2025-08,FY2025-26,Q2
951,2025-08-08,2025,Q3,8,August,2025-08,FY2025-26,Q2
952,2025-08-09,2025,Q3,8,August,2025-08,FY2025-26,Q2
953,2025-08-10,2025,Q3,8,August,2025-08,FY2025-26,Q2
954,2025-08-11,2025,Q3,8,August,2025-08,FY2025-26,Q2
955,2025-08-12,2025,Q3,8,August,2025-08,FY2025-26,Q2
956,2025-08-13,2025,Q3,8,August,2025-08,FY2025-26,Q2
957,2025-08-14,2025,Q3,8,August,2025-08,FY2025-26,Q2
958,2025-08-15,2025,Q3,8,August,2025-08,FY2025-26,Q2
959,2025-08-16,2025,Q3,8,August,2025-08,FY2025-26,Q2
960,2025-08-17,2025,Q3,8,August,2025-08,FY2025-26,Q2
961,2025-08-18,2025,Q3,8,August,2025-08,FY2025-26,Q2
962,2025-08-19,2025,Q3,8,August,2025-08,FY2025-26,Q2
963,2025-08-20,2025,Q3,8,August,2025-08,FY2025-26,Q2
964,2025-08-21,2025,Q3,8,August,2025-08,FY2025-26,Q2
965,2025-08-22,2025,Q3,8,August,2025-08,FY2025-26,Q2
966,2025-08-23,2025,Q3,8,August,2025-08,FY2025-26,Q2
967,2025-08-24,2025,Q3,8,August,2025-08,FY2025-26,Q2
968,2025-08-25,2025,Q3,8,August,2025-08,FY2025-26,Q2
969,2025-08-26,2025,Q3,8,August,2025-08,FY2025-26,Q2
970,2025-08-27,2025,Q3,8,August,2025-08,FY2025-26,Q2
971,2025-08-28,2025,Q3,8,August,2025-08,FY2025-26,Q2
972,2025-08-29,2025,Q3,8,August,2025-08,FY2025-26,Q2
973,2025-08-30,2025,Q3,8,August,2025-08,FY2025-26,Q2
974,2025-08-31,2025,Q3,8,August,2025-08,FY2025-26,Q2
975,2025-09-01,2025,Q3,9,September,2025-09,FY2025-26,Q2
976,2025-09-02,2025,Q3,9,September,2025-09,FY2025-26,Q2
977,2025-09-03,2025,Q3,9,September,2025-09,FY2025-26,Q2
978,2025-09-04,2025,Q3,9,September,2025-09,FY2025-26,Q2
979,2025-09-05,2025,Q3,9,September,2025-09,FY2025-26,Q2
980,2025-09-06,2025,Q3,9,September,2025-09,FY2025-26,Q2
981,2025-09-07,2025,Q3,9,September,2025-09,FY2025-26,Q2
982,2025-09-08,2025,Q3,9,September,2025-09,FY2025-26,Q2
983,2025-09-09,2025,Q3,9,September,2025-09,FY2025-26,Q2
984,2025-09-10,2025,Q3,9,September,2025-09,FY2025-26,Q2
985,2025-09-11,2025,Q3,9,September,2025-09,FY2025-26,Q2
986,2025-09-12,2025,Q3,9,September,2025-09,FY2025-26,Q2
987,2025-09-13,2025,Q3,9,September,2025-09,FY2025-26,Q2
988,2025-09-14,2025,Q3,9,September,2025-09,FY2025-26,Q2
989,2025-09-15,2025,Q3,9,September,2025-09,FY2025-26,Q2
990,2025-09-16,2025,Q3,9,September,2025-09,FY2025-26,Q2
991,2025-09-17,2025,Q3,9,September,2025-09,FY2025-26,Q2
992,2025-09-18,2025,Q3,9,September,2025-09,FY2025-26,Q2
993,2025-09-19,2025,Q3,9,September,2025-09,FY2025-26,Q2
994,2025-09-20,2025,Q3,9,September,2025-09,FY2025-26,Q2
995,2025-09-21,2025,Q3,9,September,2025-09,FY2025-26,Q2
996,2025-09-22,2025,Q3,9,September,2025-09,FY2025-26,Q2
997,2025-09-23,2025,Q3,9,September,2025-09,FY2025-26,Q2
998,2025-09-24,2025,Q3,9,September,2025-09,FY2025-26,Q2
999,2025-09-25,2025,Q3,9,September,2025-09,FY2025-26,Q2
1000,2025-09-26,2025,Q3,9,September,2025-09,FY2025-26,Q2
1001,2025-09-27,2025,Q3,9,September,2025-09,FY2025-26,Q2
1002,2025-09-28,2025,Q3,9,September,2025-09,FY2025-26,Q2
1003,2025-09-29,2025,Q3,9,September,2025-09,FY2025-26,Q2
1004,2025-09-30,2025,Q3,9,September,2025-09,FY2025-26,Q2
1005,2025-10-01,2025,Q4,10,October,2025-10,FY2025-26,Q3
1006,2025-10-02,2025,Q4,10,October,2025-10,FY2025-26,Q3
1007,2025-10-03,2025,Q4,10,October,2025-10,FY2025-26,Q3
1008,2025-10-04,2025,Q4,10,October,2025-10,FY2025-26,Q3
1009,2025-10-05,2025,Q4,10,October,2025-10,FY2025-26,Q3
1010,2025-10-06,2025,Q4,10,October,2025-10,FY2025-26,Q3
1011,2025-10-07,2025,Q4,10,October,2025-10,FY2025-26,Q3
1012,2025-10-08,2025,Q4,10,October,2025-10,FY2025-26,Q3
1013,2025-10-09,2025,Q4,10,October,2025-10,FY2025-26,Q3
1014,2025-10-10,2025,Q4,10,October,2025-10,FY2025-26,Q3
1015,2025-10-11,2025,Q4,10,October,2025-10,FY2025-26,Q3
1016,2025-10-12,2025,Q4,10,October,2025-10,FY2025-26,Q3
1017,2025-10-13,2025,Q4,10,October,2025-10,FY2025-26,Q3
1018,2025-10-14,2025,Q4,10,October,2025-10,FY2025-26,Q3
1019,2025-10-15,2025,Q4,10,October,2025-10,FY2025-26,Q3
1020,2025-10-16,2025,Q4,10,October,2025-10,FY2025-26,Q3
1021,2025-10-17,2025,Q4,10,October,2025-10,FY2025-26,Q3
1022,2025-10-18,2025,Q4,10,October,2025-10,FY2025-26,Q3
1023,2025-10-19,2025,Q4,10,October,2025-10,FY2025-26,Q3
1024,2025-10-20,2025,Q4,10,October,2025-10,FY2025-26,Q3
1025,2025-10-21,2025,Q4,10,October,2025-10,FY2025-26,Q3
1026,2025-10-22,2025,Q4,10,October,2025-10,FY2025-26,Q3
1027,2025-10-23,2025,Q4,10,October,2025-10,FY2025-26,Q3
1028,2025-10-24,2025,Q4,10,October,2025-10,FY2025-26,Q3
1029,2025-10-25,2025,Q4,10,October,2025-10,FY2025-26,Q3
1030,2025-10-26,2025,Q4,10,October,2025-10,FY2025-26,Q3
1031,2025-10-27,2025,Q4,10,October,2025-10,FY2025-26,Q3
1032,2025-10-28,2025,Q4,10,October,2025-10,FY2025-26,Q3
1033,2025-10-29,2025,Q4,10,October,2025-10,FY2025-26,Q3
1034,2025-10-30,2025,Q4,10,October,2025-10,FY2025-26,Q3
1035,2025-10-31,2025,Q4,10,October,2025-10,FY2025-26,Q3
1036,2025-11-01,2025,Q4,11,November,2025-11,FY2025-26,Q3
1037,2025-11-02,2025,Q4,11,November,2025-11,FY2025-26,Q3
1038,2025-11-03,2025,Q4,11,November,2025-11,FY2025-26,Q3
1039,2025-11-04,2025,Q4,11,November,2025-11,FY2025-26,Q3
1040,2025-11-05,2025,Q4,11,November,2025-11,FY2025-26,Q3
1041,2025-11-06,2025,Q4,11,November,2025-11,FY2025-26,Q3
1042,2025-11-07,2025,Q4,11,November,2025-11,FY2025-26,Q3
1043,2025-11-08,2025,Q4,11,November,2025-11,FY2025-26,Q3
1044,2025-11-09,2025,Q4,11,November,2025-11,FY2025-26,Q3
1045,2025-11-10,2025,Q4,11,November,2025-11,FY2025-26,Q3
1046,2025-11-11,2025,Q4,11,November,2025-11,FY2025-26,Q3
1047,2025-11-12,2025,Q4,11,November,2025-11,FY2025-26,Q3
1048,2025-11-13,2025,Q4,11,November,2025-11,FY2025-26,Q3
1049,2025-11-14,2025,Q4,11,November,2025-11,FY2025-26,Q3
1050,2025-11-15,2025,Q4,11,November,2025-11,FY2025-26,Q3
1051,2025-11-16,2025,Q4,11,November,2025-11,FY2025-26,Q3
1052,2025-11-17,2025,Q4,11,November,2025-11,FY2025-26,Q3
1053,2025-11-18,2025,Q4,11,November,2025-11,FY2025-26,Q3
1054,2025-11-19,2025,Q4,11,November,2025-11,FY2025-26,Q3
1055,2025-11-20,2025,Q4,11,November,2025-11,FY2025-26,Q3
1056,2025-11-21,2025,Q4,11,November,2025-11,FY2025-26,Q3
1057,2025-11-22,2025,Q4,11,November,2025-11,FY2025-26,Q3
1058,2025-11-23,2025,Q4,11,November,2025-11,FY2025-26,Q3
1059,2025-11-24,2025,Q4,11,November,2025-11,FY2025-26,Q3
1060,2025-11-25,2025,Q4,11,November,2025-11,FY2025-26,Q3
1061,2025-11-26,2025,Q4,11,November,2025-11,FY2025-26,Q3
1062,2025-11-27,2025,Q4,11,November,2025-11,FY2025-26,Q3
1063,2025-11-28,2025,Q4,11,November,2025-11,FY2025-26,Q3
1064,2025-11-29,2025,Q4,11,November,2025-11,FY2025-26,Q3
1065,2025-11-30,2025,Q4,11,November,2025-11,FY2025-26,Q3
1066,2025-12-01,2025,Q4,12,December,2025-12,FY2025-26,Q3
1067,2025-12-02,2025,Q4,12,December,2025-12,FY2025-26,Q3
1068,2025-12-03,2025,Q4,12,December,2025-12,FY2025-26,Q3
1069,2025-12-04,2025,Q4,12,December,2025-12,FY2025-26,Q3
1070,2025-12-05,2025,Q4,12,December,2025-12,FY2025-26,Q3
1071,2025-12-06,2025,Q4,12,December,2025-12,FY2025-26,Q3
1072,2025-12-07,2025,Q4,12,December,2025-12,FY2025-26,Q3
1073,2025-12-08,2025,Q4,12,December,2025-12,FY2025-26,Q3
1074,2025-12-09,2025,Q4,12,December,2025-12,FY2025-26,Q3
1075,2025-12-10,2025,Q4,12,December,2025-12,FY2025-26,Q3
1076,2025-12-11,2025,Q4,12,December,2025-12,FY2025-26,Q3
1077,2025-12-12,2025,Q4,12,December,2025-12,FY2025-26,Q3
1078,2025-12-13,2025,Q4,12,December,2025-12,FY2025-26,Q3
1079,2025-12-14,2025,Q4,12,December,2025-12,FY2025-26,Q3
1080,2025-12-15,2025,Q4,12,December,2025-12,FY2025-26,Q3
1081,2025-12-16,2025,Q4,12,December,2025-12,FY2025-26,Q3
1082,2025-12-17,2025,Q4,12,December,2025-12,FY2025-26,Q3
1083,2025-12-18,2025,Q4,12,December,2025-12,FY2025-26,Q3
1084,2025-12-19,2025,Q4,12,December,2025-12,FY2025-26,Q3
1085,2025-12-20,2025,Q4,12,December,2025-12,FY2025-26,Q3
1086,2025-12-21,2025,Q4,12,December,2025-12,FY2025-26,Q3
1087,2025-12-22,2025,Q4,12,December,2025-12,FY2025-26,Q3
1088,2025-12-23,2025,Q4,12,December,2025-12,FY2025-26,Q3
1089,2025-12-24,2025,Q4,12,December,2025-12,FY2025-26,Q3
1090,2025-12-25,2025,Q4,12,December,2025-12,FY2025-26,Q3
1091,2025-12-26,2025,Q4,12,December,2025-12,FY2025-26,Q3
1092,2025-12-27,2025,Q4,12,December,2025-12,FY2025-26,Q3
1093,2025-12-28,2025,Q4,12,December,2025-12,FY2025-26,Q3
1094,2025-12-29,2025,Q4,12,December,2025-12,FY2025-26,Q3
1095,2025-12-30,2025,Q4,12,December,2025-12,FY2025-26,Q3
1096,2025-12-31,2025,Q4,12,December,2025-12,FY2025-26,Q3
